plate,well,barcode,contig,start,end,markers1,markers2,likelihood
Dys2,A04,AGGCGT,B,260982,19680509,195,186,9
Dys2,A04,AGGCGT,C,11141077,22410470,119,118,0
Dys2,A04,AGGCGT,D,14655656,26587592,140,132,7
Dys2,A04,AGGCGT,E,4294452,22738297,238,232,6
Dys2,A05,CTCGGT,A,67597,10977718,124,111,13
Dys2,A05,CTCGGT,B,30108,8306537,74,65,8
Dys2,A05,CTCGGT,D,10248499,20715949,105,95,10
Dys2,A05,CTCGGT,E,20155830,28517829,118,100,18
Dys2,A06,ATTCTG,A,23553,10471650,3074,2988,77
Dys2,A06,ATTCTG,A,18931417,32013425,3629,3582,44
Dys2,A06,ATTCTG,B,14147529,25131787,4254,4167,82
Dys2,A06,ATTCTG,C,178276,2156546,551,536,15
Dys2,A06,ATTCTG,C,6376796,15172381,3249,3198,47
Dys2,A06,ATTCTG,D,68661,26710642,9114,8901,202
Dys2,A06,ATTCTG,E,8166736,33703580,9386,9200,175
Dys2,A06,ATTCTG,E,35568052,39656646,725,678,46
Dys2,A07,TGAATT,A,4364,1200647,423,413,10
Dys2,A07,TGAATT,A,14788799,32025727,8823,8668,143
Dys2,A07,TGAATT,B,11751244,30354044,11403,11297,86
Dys2,A07,TGAATT,C,178276,11903908,7177,7114,54
Dys2,A07,TGAATT,C,22675186,24327250,936,932,2
Dys2,A07,TGAATT,D,8064992,23558530,9678,9505,162
Dys2,A07,TGAATT,D,23586200,24847922,845,840,5
Dys2,A07,TGAATT,E,7818781,22363094,9011,8863,137
Dys2,A07,TGAATT,F,175048,1506607,266,257,9
Dys2,A08,TCTCTG,A,2681637,10125358,4401,4364,33
Dys2,A08,TCTCTG,A,15339381,19114041,2372,2344,23
Dys2,A08,TCTCTG,B,4759098,9741433,3474,3441,30
Dys2,A08,TCTCTG,B,15893033,26936459,8087,8028,49
Dys2,A08,TCTCTG,C,178276,1127472,367,360,6
Dys2,A08,TCTCTG,C,7810631,22635619,10313,10213,91
Dys2,A08,TCTCTG,C,24346892,25980472,779,756,22
Dys2,A08,TCTCTG,D,20145,7197125,4424,4368,47
Dys2,A08,TCTCTG,D,22121884,26720464,2912,2843,66
Dys2,A08,TCTCTG,E,369,5868981,3475,3432,41
Dys2,A08,TCTCTG,E,12715870,21204107,5758,5713,40
Dys2,A08,TCTCTG,E,33687628,35365086,108,87,21
Dys2,A11,GTCCTT,A,5118319,10185699,1808,1775,31
Dys2,A11,GTCCTT,A,20340132,31585473,3566,3511,51
Dys2,A11,GTCCTT,B,94532,10898154,4314,4249,61
Dys2,A11,GTCCTT,B,18328560,22051733,1790,1733,56
Dys2,A11,GTCCTT,C,178276,11227217,4432,4353,73
Dys2,A11,GTCCTT,C,14241918,25859860,4593,4425,164
Dys2,A11,GTCCTT,D,14022006,26716095,5170,4976,190
Dys2,A11,GTCCTT,E,5449073,20655440,6188,5880,305
Dys2,A11,GTCCTT,E,26049879,39654418,4039,3767,265
Dys2,A11,GTCCTT,F,7147,1921079,187,173,14
Dys2,B01,CTCTAC,A,16421,17249112,4821,4697,115
Dys2,B01,CTCTAC,B,107657,8676039,2595,2561,29
Dys2,B01,CTCTAC,B,18592608,19983046,504,497,7
Dys2,B01,CTCTAC,C,258642,11786259,3708,3633,72
Dys2,B01,CTCTAC,C,18099784,25897641,2528,2492,32
Dys2,B01,CTCTAC,D,19528,19093790,6079,5971,93
Dys2,B01,CTCTAC,D,22512334,26718340,1265,1211,54
Dys2,B01,CTCTAC,E,21470858,39656646,5029,4885,136
Dys2,B01,CTCTAC,F,4498,1921598,159,151,8
Dys2,B02,CATAGC,A,20001849,32381485,96,94,2
Dys2,B02,CATAGC,B,252732,13276812,111,107,4
Dys2,B02,CATAGC,C,9116825,22156275,126,122,4
Dys2,B02,CATAGC,D,7679688,24730822,145,141,4
Dys2,B02,CATAGC,E,2301039,39163540,326,317,8
Dys2,B03,TCCACG,A,17865771,31928414,114,113,1
Dys2,B03,TCCACG,B,14202592,22227508,80,77,2
Dys2,B03,TCCACG,C,494522,4788119,51,49,2
Dys2,B03,TCCACG,C,15134568,26679595,111,107,4
Dys2,B03,TCCACG,D,793843,1890203,21,21,0
Dys2,B03,TCCACG,D,14159327,22932929,90,89,1
Dys2,B03,TCCACG,E,3636485,7045818,34,32,2
Dys2,B04,GTTCAG,A,15378,7163421,804,791,13
Dys2,B04,GTTCAG,A,15381134,32382920,1861,1835,25
Dys2,B04,GTTCAG,B,94532,940697,96,96,0
Dys2,B04,GTTCAG,C,10207031,18013389,1093,1080,12
Dys2,B04,GTTCAG,D,7488149,24919727,2450,2430,18
Dys2,B04,GTTCAG,E,3169744,32712715,4316,4296,20
Dys2,B05,ACGTAC,A,5526249,31328654,197,191,6
Dys2,B05,ACGTAC,C,462563,26483253,215,210,4
Dys2,B05,ACGTAC,E,3812813,39192172,300,290,8
Dys2,B05,ACGTAC,F,117583,1351490,6,6,0
Dys2,B06,GCTGAT,A,4654,14793832,4763,4696,59
Dys2,B06,GCTGAT,A,22198921,32031444,2848,2791,48
Dys2,B06,GCTGAT,B,80376,16134475,6491,6422,62
Dys2,B06,GCTGAT,D,57524,15931407,6238,6163,64
Dys2,B06,GCTGAT,E,369,2174231,686,678,8
Dys2,B06,GCTGAT,E,9367175,17002135,3137,3111,19
Dys2,B06,GCTGAT,E,20298613,33425627,6015,5971,37
Dys2,B06,GCTGAT,E,35478780,39656646,870,823,44
Dys2,B06,GCTGAT,F,485156,1921598,195,187,8
Dys2,B07,CAACTG,B,10931115,20165606,197,184,13
Dys2,B07,CAACTG,C,342364,3703934,74,72,1
Dys2,B07,CAACTG,E,6186260,27706841,541,524,15
Dys2,B09,TTACTT,A,4364,9474641,5233,5156,65
Dys2,B09,TTACTT,A,14271099,31953174,9737,9576,142
Dys2,B09,TTACTT,B,1381266,19855613,12428,12264,146
Dys2,B09,TTACTT,B,19907624,19972792,38,38,0
Dys2,B09,TTACTT,B,26684504,29984654,1709,1674,33
Dys2,B09,TTACTT,C,178276,2187991,1055,1035,19
Dys2,B09,TTACTT,C,3872304,11595383,5272,5211,57
Dys2,B09,TTACTT,C,20640877,22636574,1428,1409,18
Dys2,B09,TTACTT,C,24343892,25841237,778,763,14
Dys2,B09,TTACTT,D,6731144,18697586,7822,7734,82
Dys2,B10,CATTGT,A,4364,8414565,2217,2196,17
Dys2,B10,CATTGT,A,23574855,32013425,1761,1737,23
Dys2,B10,CATTGT,D,19586959,24419456,1600,1583,16
Dys2,B10,CATTGT,E,2939,15249112,4586,4534,49
Dys2,B10,CATTGT,E,33137291,33425781,98,98,0
Dys2,B10,CATTGT,E,35585394,39652532,608,578,29
Dys2,B11,GCCGTG,A,4654,10933032,2647,2620,21
Dys2,B11,GCCGTG,A,18275737,20840790,688,683,5
Dys2,B11,GCCGTG,B,111402,4073640,946,938,8
Dys2,B11,GCCGTG,C,178276,13757282,4071,4044,24
Dys2,B11,GCCGTG,C,22682393,24321074,449,447,2
Dys2,B11,GCCGTG,D,7781476,22796993,4315,4283,23
Dys2,B12,AGGCTG,A,12076,19424150,6796,6695,88
Dys2,B12,AGGCTG,B,1450087,20785114,8121,7947,158
Dys2,B12,AGGCTG,B,25687548,30354044,1434,1389,42
Dys2,B12,AGGCTG,C,1215489,19471363,7957,7869,78
Dys2,B12,AGGCTG,C,22604988,24327011,687,686,1
Dys2,B12,AGGCTG,D,7286,6918278,2606,2540,60
Dys2,B12,AGGCTG,D,24216605,26720464,803,762,40
Dys2,B12,AGGCTG,E,369,9941130,3969,3868,90
Dys2,C03,GGGAAT,A,23553,629547,12,12,0
Dys2,C03,GGGAAT,A,16651484,32400562,407,404,3
Dys2,C03,GGGAAT,B,253934,30294360,980,969,11
Dys2,C03,GGGAAT,C,3875474,22479417,661,655,6
Dys2,C03,GGGAAT,C,23891155,25356538,61,61,0
Dys2,C03,GGGAAT,D,3372429,9454243,200,197,3
Dys2,C03,GGGAAT,E,24028212,39630402,392,378,13
Dys2,C04,ACTGTT,A,4881150,31619247,2414,2379,32
Dys2,C04,ACTGTT,B,111402,26105426,2899,2876,20
Dys2,C04,ACTGTT,C,3770587,18077621,1516,1498,14
Dys2,C04,ACTGTT,C,23746851,24280337,47,46,1
Dys2,C04,ACTGTT,D,14062716,26657379,1377,1361,15
Dys2,C04,ACTGTT,F,117583,1921506,59,55,4
Dys2,C05,CTAACG,A,5206040,32399927,990,974,14
Dys2,C05,CTAACG,B,3812480,26346993,1013,1001,11
Dys2,C05,CTAACG,C,553876,1903602,54,52,2
Dys2,C05,CTAACG,C,11497862,19992371,381,377,4
Dys2,C05,CTAACG,D,17115219,26718340,432,426,6
Dys2,C05,CTAACG,E,28887816,39653334,290,276,13
Dys2,C05,CTAACG,F,763297,1420656,21,20,1
Dys2,C06,CTGACA,A,5964888,10841623,631,623,7
Dys2,C06,CTGACA,A,26374962,32382712,464,447,17
Dys2,C06,CTGACA,B,10104665,17179770,990,982,7
Dys2,C06,CTGACA,B,23337993,30162826,818,805,11
Dys2,C06,CTGACA,C,2491383,4857890,372,368,4
Dys2,C06,CTGACA,C,18276946,25969409,1102,1089,11
Dys2,C06,CTGACA,D,209194,26652425,3637,3578,55
Dys2,C06,CTGACA,E,30820,1597052,136,136,0
Dys2,C06,CTGACA,E,10474516,39654231,3592,3545,41
Dys2,C07,ATGATG,A,27192948,32382712,360,343,15
Dys2,C07,ATGATG,B,20784479,29443085,1375,1367,6
Dys2,C07,ATGATG,E,16892704,27032008,1648,1638,9
Dys2,C07,ATGATG,F,486271,1920308,73,68,5
Dys2,C10,AACTCG,A,12076,5805874,2089,2072,13
Dys2,C10,AACTCG,A,22938338,32281544,2786,2752,33
Dys2,C10,AACTCG,B,27580747,30354543,638,624,14
Dys2,C10,AACTCG,C,178357,12953962,5740,5692,42
Dys2,C10,AACTCG,C,21561563,27162547,1789,1745,43
Dys2,C10,AACTCG,D,20145,23548261,10131,10035,81
Dys2,C10,AACTCG,D,23580756,26720464,1140,1117,22
Dys2,C10,AACTCG,E,369,3847490,1404,1387,13
Dys2,C10,AACTCG,E,19204741,39652532,7713,7613,95
Dys2,C11,GACACG,A,8044793,32049623,6068,5991,67
Dys2,C11,GACACG,B,71072,4873893,1374,1355,13
Dys2,C11,GACACG,D,167977,18388771,5376,5323,40
Dys2,C11,GACACG,E,369,31272545,9812,9726,69
Dys2,C12,CGCTTG,A,5430365,32013425,6369,6283,78
Dys2,C12,CGCTTG,B,14427860,30331175,4635,4595,34
Dys2,C12,CGCTTG,C,16649919,22605205,1831,1818,10
Dys2,C12,CGCTTG,C,24343892,25860713,309,302,6
Dys2,C12,CGCTTG,D,68661,2814500,639,626,10
Dys2,C12,CGCTTG,D,18861845,26717532,2162,2127,30
Dys2,C12,CGCTTG,E,5747277,28956116,6882,6839,35
Dys2,D02,ATATGG,A,5131156,12074925,295,276,16
Dys2,D02,ATATGG,A,21518459,32382920,413,398,15
Dys2,D02,ATATGG,B,71427,1606369,55,54,1
Dys2,D02,ATATGG,B,6034267,22370462,858,836,22
Dys2,D02,ATATGG,C,20834117,22595193,108,108,0
Dys2,D02,ATATGG,D,1076674,8525179,396,391,4
Dys2,D02,ATATGG,D,22677115,26720464,204,181,23
Dys2,D02,ATATGG,E,30820,30002798,1587,1512,73
Dys2,D03,TTCCTG,A,19127373,32382920,691,581,110
Dys2,D03,TTCCTG,B,9231439,13741333,290,272,18
Dys2,D03,TTCCTG,C,217212,2256127,101,101,0
Dys2,D03,TTCCTG,C,4887093,14171033,680,634,45
Dys2,D03,TTCCTG,D,224552,6045282,329,313,15
Dys2,D03,TTCCTG,D,13916281,23433308,657,636,21
Dys2,D03,TTCCTG,E,72424,2017119,94,88,6
Dys2,D03,TTCCTG,E,5807303,9158020,240,209,31
Dys2,D03,TTCCTG,E,17721861,24513390,444,435,8
Dys2,D04,GACAAT,A,18987374,24267046,617,612,5
Dys2,D04,GACAAT,B,30108,755317,51,50,1
Dys2,D04,GACAAT,B,13052277,20031961,827,824,2
Dys2,D04,GACAAT,C,288728,10446155,1105,1090,11
Dys2,D04,GACAAT,C,19844073,25532063,648,635,13
Dys2,D04,GACAAT,D,1261727,6849717,629,621,7
Dys2,D04,GACAAT,D,25391326,26684393,68,63,5
Dys2,D04,GACAAT,E,32598,2669948,258,254,4
Dys2,D04,GACAAT,E,13342820,18979752,636,627,7
Dys2,D04,GACAAT,E,28896500,39656646,789,761,28
Dys2,D04,GACAAT,F,117583,1894097,61,58,3
Dys2,D05,GCGTAT,A,171077,12523839,884,878,5
Dys2,D05,GCGTAT,A,23451230,32381485,469,460,9
Dys2,D05,GCGTAT,C,178276,16711836,1428,1410,17
Dys2,D05,GCGTAT,C,22695841,24327227,135,134,1
Dys2,D05,GCGTAT,D,68661,2148489,130,129,1
Dys2,D05,GCGTAT,D,5688580,26696460,1667,1644,23
Dys2,D05,GCGTAT,E,78706,14322435,1151,1145,6
Dys2,D06,TAGACA,A,14503339,32285173,9849,9701,134
Dys2,D06,TAGACA,B,7621207,13674750,4331,4292,33
Dys2,D06,TAGACA,C,178276,10235172,6649,6601,40
Dys2,D06,TAGACA,C,22674480,24345343,1060,1051,7
Dys2,D06,TAGACA,D,19528,6783275,4214,4160,47
Dys2,D07,GTCCGG,A,4364,14188326,1257,1247,8
Dys2,D07,GTCCGG,B,8207781,10000414,202,201,0
Dys2,D07,GTCCGG,C,258642,11223356,1053,1040,13
Dys2,D07,GTCCGG,C,22684133,24361658,165,164,0
Dys2,D07,GTCCGG,D,171564,1751921,143,140,2
Dys2,D07,GTCCGG,E,5464301,22573572,1600,1592,6
Dys2,D07,GTCCGG,E,31278680,39574072,388,372,15
Dys2,D09,AGAGTT,A,11889969,20666208,5047,5002,40
Dys2,D09,AGAGTT,B,71427,1606369,713,708,5
Dys2,D09,AGAGTT,B,9342802,21422231,7789,7737,42
Dys2,D09,AGAGTT,C,5870355,8271517,1524,1509,12
Dys2,D09,AGAGTT,D,19528,23534317,14493,14350,119
Dys2,D09,AGAGTT,D,23591990,24468356,593,590,3
Dys2,D09,AGAGTT,E,3611168,26682152,15191,15099,84
Dys2,D09,AGAGTT,F,480801,1921506,299,280,18
Dys2,D10,AATAAG,A,19397,30042351,5245,5165,77
Dys2,D10,AATAAG,B,14726147,30323534,3044,3007,33
Dys2,D10,AATAAG,C,178276,3740953,654,649,5
Dys2,D10,AATAAG,C,19257392,20185129,197,197,0
Dys2,D10,AATAAG,C,22676702,23665371,185,185,0
Dys2,D10,AATAAG,D,209194,6718401,1257,1245,11
Dys2,D10,AATAAG,D,16799228,26071209,1928,1914,14
Dys2,D10,AATAAG,E,20793235,33405921,2743,2728,13
Dys2,D10,AATAAG,E,35611353,39656781,425,411,14
Dys2,D10,AATAAG,F,7147,1921399,88,80,7
Dys2,D11,TGACTG,A,4654,16512748,4821,4773,40
Dys2,D11,TGACTG,A,28686605,31759110,364,346,16
Dys2,D11,TGACTG,B,71072,13299565,4646,4598,41
Dys2,D11,TGACTG,B,24358718,26011185,703,702,0
Dys2,D11,TGACTG,C,178276,7978468,2707,2684,19
Dys2,D11,TGACTG,C,10767749,15144710,1723,1705,11
Dys2,D11,TGACTG,C,22589407,24302679,581,575,5
Dys2,D11,TGACTG,D,68661,11824244,3965,3921,36
Dys2,D11,TGACTG,D,14560578,26720464,4288,4235,50
Dys2,D11,TGACTG,E,369,1423817,373,370,3
Dys2,D11,TGACTG,E,12167550,24496875,4574,4531,36
Dys2,D12,CTTCGG,A,16467,12528239,2209,2193,16
Dys2,D12,CTTCGG,B,111709,8796006,1775,1754,20
Dys2,D12,CTTCGG,B,11930644,23036646,2464,2446,15
Dys2,D12,CTTCGG,C,9572491,22602477,2937,2915,21
Dys2,D12,CTTCGG,C,24348028,25691153,228,225,2
Dys2,D12,CTTCGG,D,17054957,22143158,1154,1151,3
Dys2,D12,CTTCGG,E,30820,1913051,281,280,1
Dys2,D12,CTTCGG,F,206135,1404297,102,100,2
Dys2,E01,TATATG,A,1506265,13068797,114,114,0
Dys2,E01,TATATG,B,1875207,29944344,381,374,5
Dys2,E01,TATATG,C,778500,7800223,88,80,7
Dys2,E01,TATATG,C,13174421,19067300,81,81,0
Dys2,E01,TATATG,D,193857,26278643,330,324,6
Dys2,E01,TATATG,E,6382270,39559238,391,379,11
Dys2,E02,GGTTAC,B,539813,29745566,174,173,1
Dys2,E02,GGTTAC,C,232722,4379516,27,26,0
Dys2,E02,GGTTAC,C,8043992,17307679,58,58,0
Dys2,E02,GGTTAC,D,554195,26632223,153,148,5
Dys2,E02,GGTTAC,E,14328423,20630671,39,38,1
Dys2,E03,TAGTCG,B,258356,23226472,291,289,2
Dys2,E03,TAGTCG,C,8149184,26747836,261,251,10
Dys2,E03,TAGTCG,D,583894,22360326,285,281,4
Dys2,E03,TAGTCG,E,6597571,27417622,303,296,6
Dys2,E04,CGATAC,A,12295694,32400562,2142,2113,26
Dys2,E04,CGATAC,B,111402,9466976,1176,1163,10
Dys2,E04,CGATAC,B,17873891,19332186,204,204,0
Dys2,E04,CGATAC,B,24249052,30323990,750,739,10
Dys2,E04,CGATAC,C,7363964,22629416,2156,2139,14
Dys2,E04,CGATAC,C,24247578,25645043,169,165,4
Dys2,E04,CGATAC,D,209194,11294455,1312,1298,9
Dys2,E04,CGATAC,E,2764,13969443,1828,1818,8
Dys2,E04,CGATAC,E,29525742,39641248,857,828,26
Dys2,E05,TTAGCG,B,8275576,19019170,1877,1868,7
Dys2,E05,TTAGCG,C,3772530,22577197,3315,3291,21
Dys2,E05,TTAGCG,C,23511326,25796033,353,348,5
Dys2,E05,TTAGCG,D,6781286,19927030,2224,2208,12
Dys2,E05,TTAGCG,E,5931973,28062925,4066,4047,16
Dys2,E05,TTAGCG,F,7147,1894097,88,84,4
Dys2,E06,GGAAGT,A,5627423,21096727,4412,4352,53
Dys2,E06,GGAAGT,A,24707095,31463520,1462,1434,26
Dys2,E06,GGAAGT,B,79161,30027273,9910,9817,77
Dys2,E06,GGAAGT,C,178276,19603471,6474,6434,37
Dys2,E06,GGAAGT,C,22675102,24326731,506,506,0
Dys2,E06,GGAAGT,D,6012856,11996962,1910,1894,13
Dys2,E06,GGAAGT,D,22948340,26241845,1052,1038,14
Dys2,E06,GGAAGT,E,2233069,8111952,1919,1902,15
Dys2,E06,GGAAGT,E,23596475,33412403,3512,3494,16
Dys2,E06,GGAAGT,E,35767676,39656781,618,587,30
Dys2,E07,GCACAG,A,4364,14240472,3245,3215,23
Dys2,E07,GCACAG,B,4724101,23282393,5345,5308,31
Dys2,E07,GCACAG,C,6697496,19293856,3501,3478,21
Dys2,E07,GCACAG,D,60663,19058231,5183,5138,37
Dys2,E08,GAGTAG,A,15378,20017671,8018,7927,78
Dys2,E08,GAGTAG,B,19441880,21834524,1235,1228,6
Dys2,E08,GAGTAG,B,27123914,30354543,890,869,19
Dys2,E08,GAGTAG,C,178357,4452676,1789,1771,16
Dys2,E08,GAGTAG,C,9792836,22605928,6195,6146,40
Dys2,E08,GAGTAG,C,22676702,25791123,1269,1258,9
Dys2,E08,GAGTAG,D,7125147,17676145,4819,4783,27
Dys2,E08,GAGTAG,D,24051116,26720464,951,935,16
Dys2,E08,GAGTAG,E,13847416,21276457,3421,3396,23
Dys2,E08,GAGTAG,F,318917,1921506,206,200,6
Dys2,E09,AGTCAC,A,15378,6066208,1682,1661,17
Dys2,E09,AGTCAC,A,18190413,30654432,3882,3824,51
Dys2,E09,AGTCAC,B,80376,9028601,2963,2921,38
Dys2,E09,AGTCAC,B,20226628,23574926,1431,1417,12
Dys2,E09,AGTCAC,C,175498,11635139,3986,3942,42
Dys2,E09,AGTCAC,C,22615301,24321074,588,583,5
Dys2,E09,AGTCAC,D,26819,16953048,5815,5747,60
Dys2,E09,AGTCAC,D,22435365,26716095,1370,1338,31
Dys2,E10,GGGTTG,A,51519,13512454,2867,2845,19
Dys2,E10,GGGTTG,B,88931,8279407,1872,1855,14
Dys2,E10,GGGTTG,B,12991327,30326194,4127,4087,34
Dys2,E10,GGGTTG,C,180255,3740953,767,757,8
Dys2,E10,GGGTTG,C,11769705,19825021,2139,2122,12
Dys2,E10,GGGTTG,C,22626899,24301690,392,389,1
Dys2,E10,GGGTTG,D,8133264,20118864,2982,2964,16
Dys2,E10,GGGTTG,D,23826445,26716095,574,563,11
Dys2,E10,GGGTTG,E,19273150,33416323,3627,3601,23
Dys2,E10,GGGTTG,E,35681439,39654231,461,431,28
Dys2,E11,GCCTGG,A,8903540,24356966,1259,1251,7
Dys2,E11,GCCTGG,B,18333079,30354044,1059,1045,14
Dys2,E11,GCCTGG,C,9754205,19458888,916,910,6
Dys2,E11,GCCTGG,D,68661,24464429,2107,2083,21
Dys2,E11,GCCTGG,E,32598,6409761,503,500,2
Dys2,E11,GCCTGG,E,22682901,33404697,1039,1032,4
Dys2,E11,GCCTGG,E,35586525,39656288,179,173,6
Dys2,E11,GCCTGG,F,117401,1553053,45,42,3
Dys2,E12,AATGTG,A,4654,2628449,427,423,4
Dys2,E12,AATGTG,A,12513189,20996149,1602,1583,18
Dys2,E12,AATGTG,B,80376,30320776,6168,6112,48
Dys2,E12,AATGTG,C,1362342,5816513,978,968,10
Dys2,E12,AATGTG,C,15152423,26180868,2184,2168,15
Dys2,E12,AATGTG,D,9257441,26718340,3553,3520,30
Dys2,E12,AATGTG,E,17595613,30774218,2924,2907,14
Dys2,E12,AATGTG,F,31836,1362410,84,80,4
Dys2,F01,GGCATT,A,5649365,21084733,1860,1768,88
Dys2,F01,GGCATT,A,24724380,32420608,625,587,36
Dys2,F01,GGCATT,B,103086,30295017,4081,3885,192
Dys2,F01,GGCATT,C,178276,19587784,2792,2658,131
Dys2,F01,GGCATT,C,22681385,24290693,206,201,5
Dys2,F01,GGCATT,D,6020163,11984013,796,777,17
Dys2,F01,GGCATT,D,22956469,26706475,496,478,18
Dys2,F01,GGCATT,E,2309620,8098577,804,773,31
Dys2,F01,GGCATT,E,23670130,33374666,1479,1370,106
Dys2,F02,AAGCGA,A,73813,13796784,160,159,1
Dys2,F02,AAGCGA,B,324836,24049021,337,336,0
Dys2,F02,AAGCGA,C,564628,13725419,197,190,6
Dys2,F02,AAGCGA,C,20177294,25549046,75,74,1
Dys2,F02,AAGCGA,D,516059,26529550,339,335,4
Dys2,F02,AAGCGA,E,505664,5230070,57,57,0
Dys2,F02,AAGCGA,E,11881445,20857805,130,130,0
Dys2,F02,AAGCGA,E,31891343,39272470,47,44,3
Dys2,F03,CACTGA,A,24149453,31825327,482,477,5
Dys2,F03,CACTGA,B,94532,26276769,2618,2597,16
Dys2,F03,CACTGA,C,2100598,25518250,2418,2400,16
Dys2,F03,CACTGA,D,19528,26707624,2569,2549,19
Dys2,F03,CACTGA,E,100461,2050645,158,158,0
Dys2,F03,CACTGA,E,26280079,27085847,80,80,0
Dys2,F03,CACTGA,F,117583,1802126,54,51,3
Dys2,F04,ATCACG,A,149846,13080168,518,513,3
Dys2,F04,ATCACG,B,147159,10835479,532,517,12
Dys2,F04,ATCACG,C,232722,8439746,394,389,5
Dys2,F04,ATCACG,C,14048062,26952435,532,526,6
Dys2,F04,ATCACG,D,224552,24567876,1129,1123,6
Dys2,F04,ATCACG,E,369,39611946,1749,1726,21
Dys2,F04,ATCACG,F,7147,1921399,21,18,3
Dys2,F05,ACCGAT,B,6574672,21888947,165,157,8
Dys2,F05,ACCGAT,C,3726229,10868035,78,77,1
Dys2,F05,ACCGAT,D,573278,24340946,257,249,8
Dys2,F05,ACCGAT,E,518098,3309032,36,34,2
Dys2,F05,ACCGAT,E,22075777,27065947,66,61,5
Dys2,F06,TATAGT,C,178276,2495925,391,384,3
Dys2,F06,TATAGT,D,19528,24549925,4857,4809,41
Dys2,F06,TATAGT,E,19198038,33421101,3096,3065,25
Dys2,F06,TATAGT,E,35619001,39652532,401,375,25
Dys2,F07,ATCCAG,A,12076,11622160,3049,3011,30
Dys2,F07,ATCCAG,B,24010977,30354044,1798,1776,21
Dys2,F07,ATCCAG,C,178276,3763671,1009,993,11
Dys2,F07,ATCCAG,C,14191566,14280008,26,26,0
Dys2,F07,ATCCAG,C,15193943,18913530,1167,1160,4
Dys2,F07,ATCCAG,C,22681627,23961565,384,383,1
Dys2,F07,ATCCAG,D,19528,26716095,8523,8421,89
Dys2,F08,AATCCG,B,8259783,14996750,872,868,3
Dys2,F08,AATCCG,C,232722,9790699,1155,1149,5
Dys2,F08,AATCCG,C,21252068,25433674,541,536,5
Dys2,F08,AATCCG,D,209194,26708137,3270,3244,23
Dys2,F08,AATCCG,E,18106553,39643712,2255,2229,25
Dys2,F08,AATCCG,F,117583,1802126,67,63,4
Dys2,F09,CAGGTG,A,3419160,6938616,178,175,3
Dys2,F09,CAGGTG,A,21195454,31892916,367,354,13
Dys2,F09,CAGGTG,B,16255820,30294344,649,637,11
Dys2,F09,CAGGTG,D,68661,24031492,1140,1126,12
Dys2,F09,CAGGTG,E,108267,28131769,1322,1312,9
Dys2,F10,CCACCA,A,15378,13891194,2341,2322,14
Dys2,F10,CCACCA,B,30108,16059286,3342,3315,22
Dys2,F10,CCACCA,B,24991650,30314442,883,871,11
Dys2,F10,CCACCA,C,217212,12909987,2695,2673,20
Dys2,F10,CCACCA,C,18346827,25570556,1559,1554,5
Dys2,F10,CCACCA,D,224552,26720464,5517,5461,50
Dys2,F10,CCACCA,E,2764,15280144,3045,3029,14
Dys2,F10,CCACCA,F,4498,1894097,109,102,7
Dys2,F11,TCGAGT,A,4364,19223660,2352,2332,17
Dys2,F11,TCGAGT,B,9280444,17509399,1162,1153,8
Dys2,F11,TCGAGT,B,24112503,30005965,788,777,9
Dys2,F11,TCGAGT,C,217212,25776892,3758,3727,28
Dys2,F11,TCGAGT,D,283675,26701254,3752,3706,41
Dys2,F11,TCGAGT,E,80520,39615315,5211,5156,51
Dys2,F12,GGCCTG,A,14929719,25460143,676,633,43
Dys2,F12,GGCCTG,B,256545,3505714,194,189,5
Dys2,F12,GGCCTG,B,10627417,17505708,447,415,32
Dys2,F12,GGCCTG,B,18369741,30320776,769,721,48
Dys2,F12,GGCCTG,C,232722,3759352,217,215,1
Dys2,F12,GGCCTG,D,226634,15780341,997,962,34
Dys2,F12,GGCCTG,D,19111932,22426892,214,208,6
Dys2,F12,GGCCTG,E,72424,39605283,2445,2326,117
Dys2,F12,GGCCTG,F,7147,1404297,32,27,5
Dys2,G01,CAATAT,A,4654,12149783,1197,1170,26
Dys2,G01,CAATAT,B,130180,15351033,1880,1853,24
Dys2,G01,CAATAT,B,22267797,22480011,30,27,3
Dys2,G01,CAATAT,C,175498,1402567,123,118,5
Dys2,G01,CAATAT,C,7366365,22633008,2039,2016,23
Dys2,G01,CAATAT,C,24364714,27162547,172,163,9
Dys2,G01,CAATAT,D,14042730,26712397,1598,1567,29
Dys2,G01,CAATAT,E,8364189,28504712,2630,2608,19
Dys2,G01,CAATAT,F,4498,1921506,70,66,4
Dys2,G04,GTCGAT,A,4906873,31619247,2097,2073,24
Dys2,G04,GTCGAT,B,123925,7587788,604,598,5
Dys2,G04,GTCGAT,C,217212,4374805,319,316,3
Dys2,G04,GTCGAT,C,13516367,19324785,583,575,8
Dys2,G04,GTCGAT,C,20624125,21081489,62,47,15
Dys2,G04,GTCGAT,C,22626732,24298427,155,154,1
Dys2,G04,GTCGAT,D,310169,11213059,940,932,7
Dys2,G04,GTCGAT,E,26699,27625833,2629,2607,20
Dys2,G05,TAAGCA,A,19271447,32382920,322,306,16
Dys2,G05,TAAGCA,B,127877,25890257,851,846,5
Dys2,G05,TAAGCA,C,281520,3629105,107,98,9
Dys2,G05,TAAGCA,C,8301005,14801664,211,203,7
Dys2,G05,TAAGCA,C,22779889,23964303,34,32,2
Dys2,G05,TAAGCA,D,68661,26654796,834,814,20
Dys2,G05,TAAGCA,E,37310,19728184,632,591,40
Dys2,G07,GAATGG,A,16573492,32420608,7033,6917,107
Dys2,G07,GAATGG,B,88931,8814048,4533,4482,43
Dys2,G07,GAATGG,D,19528,26720464,14071,13862,197
Dys2,G07,GAATGG,E,369,3209592,1381,1365,16
Dys2,G07,GAATGG,F,198494,1921598,273,259,14
Dys2,G10,GTTGCA,A,19397,4086876,1366,1350,15
Dys2,G10,GTTGCA,A,26374599,32059236,1237,1211,25
Dys2,G10,GTTGCA,B,71427,2746582,896,883,12
Dys2,G10,GTTGCA,B,18777804,26180412,3482,3468,13
Dys2,G10,GTTGCA,C,5901140,22603299,7088,7031,42
Dys2,G10,GTTGCA,C,24346892,27209075,537,503,32
Dys2,G10,GTTGCA,D,8772075,26718340,7264,7191,66
Dys2,G10,GTTGCA,E,369,2889657,869,856,12
Dys2,G10,GTTGCA,E,33650368,35061018,46,39,7
Dys2,H01,GATGAG,A,19750175,32018451,5719,5633,78
Dys2,H01,GATGAG,B,71427,9395576,5375,5329,39
Dys2,H01,GATGAG,C,8748890,22642466,8641,8576,48
Dys2,H01,GATGAG,C,24343892,25816323,687,666,20
Dys2,H01,GATGAG,D,9781325,24346837,8742,8660,68
Dys2,H01,GATGAG,E,2073574,35170524,19387,19210,151
Dys2,H01,GATGAG,E,35676262,39656288,1184,1130,51
Dys2,H01,GATGAG,F,4498,1438244,286,280,6
Dys2,H02,TCTATT,A,3379683,32382920,2009,1973,34
Dys2,H02,TCTATT,B,127877,29461010,2430,2400,27
Dys2,H02,TCTATT,C,178276,11353596,950,937,12
Dys2,H02,TCTATT,C,18772292,25859418,581,571,5
Dys2,H02,TCTATT,D,8656158,21656141,1081,1067,12
Dys2,H02,TCTATT,D,23460558,26696460,240,230,10
Dys2,H02,TCTATT,E,5799,39617281,2991,2936,51
Dys2,H03,GGAATG,A,19397,12521958,1541,1520,17
Dys2,H03,GGAATG,A,15715315,31347602,1980,1948,27
Dys2,H03,GGAATG,B,19163971,30112687,1699,1675,21
Dys2,H03,GGAATG,C,158424,2200231,245,241,3
Dys2,H03,GGAATG,C,3796731,10852260,1031,1026,5
Dys2,H03,GGAATG,C,23791966,25507250,232,221,10
Dys2,H03,GGAATG,D,209194,640669,27,25,1
Dys2,H03,GGAATG,D,24373403,26712397,246,238,7
Dys2,H03,GGAATG,E,369,15329079,2232,2201,27
Dys2,H03,GGAATG,F,711695,1894097,57,57,0
Dys2,H04,GATCTG,A,51519,10545436,1082,1069,11
Dys2,H04,GATCTG,B,19918429,30141472,1297,1284,10
Dys2,H04,GATCTG,C,217212,25768880,3175,3153,19
Dys2,H04,GATCTG,D,193857,22796253,2713,2692,16
Dys2,H04,GATCTG,E,17676,1394133,130,129,1
Dys2,H04,GATCTG,E,20903437,29804064,1253,1247,3
Dys2,H04,GATCTG,F,7147,1859877,72,68,4
Dys2,H05,GAATAC,B,9955808,29547785,1605,1594,10
Dys2,H05,GAATAC,C,260785,6960797,522,516,4
Dys2,H05,GAATAC,C,22623077,24376585,107,104,2
Dys2,H05,GAATAC,D,68661,22091706,1697,1680,15
Dys2,H05,GAATAC,E,1971389,39587444,2702,2663,36
Dys2,H05,GAATAC,F,118936,1921598,40,38,2
Dys2,H06,CTCTGG,A,18881,13329663,931,912,18
Dys2,H06,CTCTGG,B,14481369,20212755,475,470,4
Dys2,H06,CTCTGG,C,178291,1468004,64,61,3
Dys2,H06,CTCTGG,C,5835974,10386104,412,406,5
Dys2,H06,CTCTGG,C,18774047,22675403,316,315,1
Dys2,H06,CTCTGG,C,24352701,25860282,85,83,1
Dys2,H06,CTCTGG,D,10036316,26708137,1375,1346,26
Dys2,H06,CTCTGG,E,8126607,25608518,1529,1518,10
Dys2,H07,TGTAAT,A,23553,11578384,3613,3569,38
Dys2,H07,TGTAAT,B,71427,21133721,8327,8263,52
Dys2,H07,TGTAAT,D,16218152,16560932,75,75,0
Dys2,H07,TGTAAT,D,18544183,26714762,3078,3035,39
Dys2,H07,TGTAAT,E,30173045,33703839,1343,1333,8
Dys2,H07,TGTAAT,E,35478780,39656646,843,803,36
Dys2,H08,AAGCAG,A,67239,20846499,1115,1101,12
Dys2,H08,AAGCAG,B,79161,9789788,547,544,2
Dys2,H08,AAGCAG,C,178276,10277014,607,604,3
Dys2,H08,AAGCAG,C,22601974,24275805,126,125,1
Dys2,H08,AAGCAG,D,8467662,16530308,481,479,1
Dys2,H08,AAGCAG,D,24276029,26716095,109,108,1
Dys2,H08,AAGCAG,E,4759183,33123563,1688,1676,9
Dys2,H09,GGACCA,A,200641,2522367,78,77,1
Dys2,H09,GGACCA,A,5786950,14984466,323,323,0
Dys2,H09,GGACCA,A,25956514,32382958,159,143,16
Dys2,H09,GGACCA,B,24405527,30307487,198,198,0
Dys2,H09,GGACCA,C,178276,3607673,138,136,2
Dys2,H09,GGACCA,C,22689715,24128423,49,49,0
Dys2,H09,GGACCA,D,60663,5070966,183,180,2
Dys2,H09,GGACCA,E,17676,39627125,1492,1465,25
Dys2,H11,GGCCGT,B,1557225,7398286,366,363,3
Dys2,H11,GGCCGT,B,20339026,30354543,703,693,10
Dys2,H11,GGCCGT,C,339035,14593042,1073,1063,9
Dys2,H11,GGCCGT,C,22635390,24295211,124,123,1
Dys2,H11,GGCCGT,D,409111,26608644,1842,1801,40
Dys2,H11,GGCCGT,E,1701735,9774023,546,532,12
Dys2,H11,GGCCGT,E,26373819,32613891,446,442,2
Dys2,H11,GGCCGT,E,38744195,39619271,29,24,5
Dys2,H11,GGCCGT,F,4498,1921399,53,49,4
Dys2,H12,AATGGT,A,16594055,32382920,275,236,39
Dys2,H12,AATGGT,B,127877,8809949,156,154,2
Dys2,H12,AATGGT,D,19528,26531350,484,453,31
